"gene","HR","z","pvalue","lower","upper"
"GSTM3",1.2556459286285,2.39873357790345,0.016451879977984,1.04252027181138,1.51234152535173
"TNF",0.698912788647477,-2.26354518908367,0.0236021022578995,0.51252090816308,0.953091041467449
"RRM2",1.43862202395217,2.05142122539786,0.0402259437858019,1.01634613516441,2.03634692571094
"PLA2G4D",1.17032151282512,2.04627656432544,0.0407291681123319,1.00665611032849,1.36059616519324
"ADCY2",0.743667633896493,-1.97737228610757,0.0479995642377496,0.554485392769511,0.997396066545431
"NT5E",0.650564079000874,-1.96780355809955,0.0490906446440743,0.423959135076909,0.998288716693127
